Project,Bug Id,Number of buggy methods,Stack Trace (ST) size,Position of the first buggy method into the ST,Precision ST Top 10,Recall ST Top 10,F1 ST Top 10,Number of fake failing tests modifiedOchiai1.0,Number of fake passing tests modifiedOchiai1.0,Position of the first buggy method into the modifiedOchiai1.0,Precision modifiedOchiai1.0 Top 10,Recall modifiedOchiai1.0 Top 10,F1 modifiedOchiai1.0 Top 10,Number of fake failing tests modifiedOchiai1.1,Number of fake passing tests modifiedOchiai1.1,Position of the first buggy method into the modifiedOchiai1.1,Precision modifiedOchiai1.1 Top 10,Recall modifiedOchiai1.1 Top 10,F1 modifiedOchiai1.1 Top 10,Number of fake failing tests modifiedOchiai2.0,Number of fake passing tests modifiedOchiai2.0,Position of the first buggy method into the modifiedOchiai2.0,Precision modifiedOchiai2.0 Top 10,Recall modifiedOchiai2.0 Top 10,F1 modifiedOchiai2.0 Top 10,Number of fake failing tests modifiedOchiai2.1,Number of fake passing tests modifiedOchiai2.1,Position of the first buggy method into the modifiedOchiai2.1,Precision modifiedOchiai2.1 Top 10,Recall modifiedOchiai2.1 Top 10,F1 modifiedOchiai2.1 Top 10,Number of fake failing tests modifiedOchiai2.2,Number of fake passing tests modifiedOchiai2.2,Position of the first buggy method into the modifiedOchiai2.2,Precision modifiedOchiai2.2 Top 10,Recall modifiedOchiai2.2 Top 10,F1 modifiedOchiai2.2 Top 10,Number of fake failing tests modifiedOchiai3.0,Number of fake passing tests modifiedOchiai3.0,Position of the first buggy method into the modifiedOchiai3.0,Precision modifiedOchiai3.0 Top 10,Recall modifiedOchiai3.0 Top 10,F1 modifiedOchiai3.0 Top 10,Number of fake failing tests modifiedOchiai3.1,Number of fake passing tests modifiedOchiai3.1,Position of the first buggy method into the modifiedOchiai3.1,Precision modifiedOchiai3.1 Top 10,Recall modifiedOchiai3.1 Top 10,F1 modifiedOchiai3.1 Top 10,Number of fake failing tests modifiedOchiai3.1.1,Number of fake passing tests modifiedOchiai3.1.1,Position of the first buggy method into the modifiedOchiai3.1.1,Precision modifiedOchiai3.1.1 Top 10,Recall modifiedOchiai3.1.1 Top 10,F1 modifiedOchiai3.1.1 Top 10,Number of fake failing tests modifiedOchiai3.1.2,Number of fake passing tests modifiedOchiai3.1.2,Position of the first buggy method into the modifiedOchiai3.1.2,Precision modifiedOchiai3.1.2 Top 10,Recall modifiedOchiai3.1.2 Top 10,F1 modifiedOchiai3.1.2 Top 10,Number of fake failing tests modifiedOchiai3.1.3,Number of fake passing tests modifiedOchiai3.1.3,Position of the first buggy method into the modifiedOchiai3.1.3,Precision modifiedOchiai3.1.3 Top 10,Recall modifiedOchiai3.1.3 Top 10,F1 modifiedOchiai3.1.3 Top 10,Number of fake failing tests modifiedOchiai3.1.4,Number of fake passing tests modifiedOchiai3.1.4,Position of the first buggy method into the modifiedOchiai3.1.4,Precision modifiedOchiai3.1.4 Top 10,Recall modifiedOchiai3.1.4 Top 10,F1 modifiedOchiai3.1.4 Top 10,Number of fake failing tests modifiedOchiai3.1.5,Number of fake passing tests modifiedOchiai3.1.5,Position of the first buggy method into the modifiedOchiai3.1.5,Precision modifiedOchiai3.1.5 Top 10,Recall modifiedOchiai3.1.5 Top 10,F1 modifiedOchiai3.1.5 Top 10,Number of fake failing tests modifiedOchiai3.1.6,Number of fake passing tests modifiedOchiai3.1.6,Position of the first buggy method into the modifiedOchiai3.1.6,Precision modifiedOchiai3.1.6 Top 10,Recall modifiedOchiai3.1.6 Top 10,F1 modifiedOchiai3.1.6 Top 10,Number of fake failing tests modifiedOchiai3.1.7,Number of fake passing tests modifiedOchiai3.1.7,Position of the first buggy method into the modifiedOchiai3.1.7,Precision modifiedOchiai3.1.7 Top 10,Recall modifiedOchiai3.1.7 Top 10,F1 modifiedOchiai3.1.7 Top 10,Number of fake failing tests modifiedOchiai3.1.7woST,Number of fake passing tests modifiedOchiai3.1.7woST,Position of the first buggy method into the modifiedOchiai3.1.7woST,Precision modifiedOchiai3.1.7woST Top 10,Recall modifiedOchiai3.1.7woST Top 10,F1 modifiedOchiai3.1.7woST Top 10,Number of fake failing tests modifiedOchiai3.2,Number of fake passing tests modifiedOchiai3.2,Position of the first buggy method into the modifiedOchiai3.2,Precision modifiedOchiai3.2 Top 10,Recall modifiedOchiai3.2 Top 10,F1 modifiedOchiai3.2 Top 10,Number of fake failing tests modifiedOchiai4.0,Number of fake passing tests modifiedOchiai4.0,Position of the first buggy method into the modifiedOchiai4.0,Precision modifiedOchiai4.0 Top 10,Recall modifiedOchiai4.0 Top 10,F1 modifiedOchiai4.0 Top 10,Number of fake failing tests modifiedOchiai4.1,Number of fake passing tests modifiedOchiai4.1,Position of the first buggy method into the modifiedOchiai4.1,Precision modifiedOchiai4.1 Top 10,Recall modifiedOchiai4.1 Top 10,F1 modifiedOchiai4.1 Top 10,Number of fake failing tests modifiedOchiai4.2,Number of fake passing tests modifiedOchiai4.2,Position of the first buggy method into the modifiedOchiai4.2,Precision modifiedOchiai4.2 Top 10,Recall modifiedOchiai4.2 Top 10,F1 modifiedOchiai4.2 Top 10,Number of fake failing tests modifiedOchiai5.0,Number of fake passing tests modifiedOchiai5.0,Position of the first buggy method into the modifiedOchiai5.0,Precision modifiedOchiai5.0 Top 10,Recall modifiedOchiai5.0 Top 10,F1 modifiedOchiai5.0 Top 10,Number of fake failing tests modifiedOchiai5.1,Number of fake passing tests modifiedOchiai5.1,Position of the first buggy method into the modifiedOchiai5.1,Precision modifiedOchiai5.1 Top 10,Recall modifiedOchiai5.1 Top 10,F1 modifiedOchiai5.1 Top 10,Number of fake failing tests originalOchiai,Number of fake passing tests originalOchiai,Position of the first buggy method into the originalOchiai,Precision originalOchiai Top 10,Recall originalOchiai Top 10,F1 originalOchiai Top 10
Closure,37,2,13,2,0.1,0.5,0.16666666666666669,5925,1448,298,0.0,0.0,0.0,5925,1448,298,0.0,0.0,0.0,331,7042,1002,0.0,0.0,0.0,329,7044,1005,0.0,0.0,0.0,3,7370,263,0.0,0.0,0.0,3079,4294,349,0.0,0.0,0.0,10,7363,321,0.0,0.0,0.0,10,7363,3,0.1,0.5,0.16666666666666669,10,7363,3,0.1,0.5,0.16666666666666669,10,7363,3,0.1,0.5,0.16666666666666669,15,7358,3,0.1,0.5,0.16666666666666669,5,7368,3,0.1,0.5,0.16666666666666669,20,7353,17,0.0,0.0,0.0,15,7358,3,0.1,0.5,0.16666666666666669,15,7358,572,0.0,0.0,0.0,10,7363,321,0.0,0.0,0.0,4908.75,2464.25,4,0.1,0.5,0.16666666666666669,4908.75,2464.25,4,0.1,0.5,0.16666666666666669,4609.777777777777,2763.222222222222,4,0.1,0.5,0.16666666666666669,6252,1121,298,0.0,0.0,0.0,6252,1121,2,0.1,0.5,0.16666666666666669,2,7371,317,0.0,0.0,0.0
Closure,125,2,40,9,0.1,0.5,0.16666666666666669,7805,351,1114,0.0,0.0,0.0,7805,351,1114,0.0,0.0,0.0,21,8135,1070,0.0,0.0,0.0,17,8139,1007,0.0,0.0,0.0,3,8153,7880,0.0,0.0,0.0,1,8155,7880,0.0,0.0,0.0,10,8146,7880,0.0,0.0,0.0,10,8146,736,0.0,0.0,0.0,10,8146,736,0.0,0.0,0.0,10,8146,736,0.0,0.0,0.0,15,8141,770,0.0,0.0,0.0,5,8151,554,0.0,0.0,0.0,20,8136,800,0.0,0.0,0.0,15,8141,772,0.0,0.0,0.0,15,8141,2439,0.0,0.0,0.0,10,8146,991,0.0,0.0,0.0,147.2,8008.8,2594,0.0,0.0,0.0,147.2,8008.8,2607,0.0,0.0,0.0,1014.125,7141.875,2203,0.0,0.0,0.0,7803,353,1114,0.0,0.0,0.0,7803,353,1116,0.0,0.0,0.0,4,8154,7880,0.0,0.0,0.0
Closure,152,2,24,8,0.1,0.5,0.16666666666666669,2444,3742,8,0.1,0.5,0.16666666666666669,2442,3744,8,0.1,0.5,0.16666666666666669,11,6175,1029,0.0,0.0,0.0,9,6177,932,0.0,0.0,0.0,3,6183,6019,0.0,0.0,0.0,43,6143,1947,0.0,0.0,0.0,10,6176,1531,0.0,0.0,0.0,10,6176,488,0.0,0.0,0.0,10,6176,488,0.0,0.0,0.0,10,6176,488,0.0,0.0,0.0,15,6171,660,0.0,0.0,0.0,5,6181,441,0.0,0.0,0.0,20,6166,644,0.0,0.0,0.0,15,6171,661,0.0,0.0,0.0,15,6171,2006,0.0,0.0,0.0,10,6176,1051,0.0,0.0,0.0,83.5,6102.5,1967,0.0,0.0,0.0,83.5,6102.5,1912,0.0,0.0,0.0,391.2857142857143,5794.714285714285,1356,0.0,0.0,0.0,2439,3747,8,0.1,0.5,0.16666666666666669,2439,3747,1,0.1,0.5,0.16666666666666669,2,6184,6019,0.0,0.0,0.0
Closure,2,1,58,1,0.1,1.0,0.18181818181818182,6625,1205,4408,0.0,0.0,0.0,6625,1205,4408,0.0,0.0,0.0,88,7742,7690,0.0,0.0,0.0,85,7745,7690,0.0,0.0,0.0,3,7827,1,0.1,1.0,0.18181818181818182,1,7829,7690,0.0,0.0,0.0,10,7820,7690,0.0,0.0,0.0,10,7820,1,0.1,1.0,0.18181818181818182,10,7820,1,0.1,1.0,0.18181818181818182,10,7820,1,0.1,1.0,0.18181818181818182,15,7815,1,0.1,1.0,0.18181818181818182,5,7825,1,0.1,1.0,0.18181818181818182,20,7810,1,0.1,1.0,0.18181818181818182,15,7815,1,0.1,1.0,0.18181818181818182,15,7815,7690,0.0,0.0,0.0,10,7820,7690,0.0,0.0,0.0,2187.2,5642.8,1,0.1,1.0,0.18181818181818182,2187.2,5642.8,1055,0.0,0.0,0.0,2631.8888888888887,5198.111111111111,1132,0.0,0.0,0.0,2784,5046,3239,0.0,0.0,0.0,2784,5046,4,0.1,1.0,0.18181818181818182,3,7828,7690,0.0,0.0,0.0
Closure,34,2,13,not found,0.0,0.0,0.0,370,7043,1160,0.0,0.0,0.0,368,7045,1165,0.0,0.0,0.0,77,7336,1218,0.0,0.0,0.0,75,7338,1216,0.0,0.0,0.0,3,7410,966,0.0,0.0,0.0,2,7411,964,0.0,0.0,0.0,10,7403,1114,0.0,0.0,0.0,10,7403,1117,0.0,0.0,0.0,10,7403,1117,0.0,0.0,0.0,10,7403,1117,0.0,0.0,0.0,15,7398,1173,0.0,0.0,0.0,5,7408,969,0.0,0.0,0.0,20,7393,1355,0.0,0.0,0.0,15,7398,1173,0.0,0.0,0.0,15,7398,1170,0.0,0.0,0.0,10,7403,1114,0.0,0.0,0.0,190.4,7222.6,1139,0.0,0.0,0.0,190.4,7222.6,1034,0.0,0.0,0.0,211.66666666666666,7201.333333333333,1044,0.0,0.0,0.0,89,7324,1295,0.0,0.0,0.0,89,7324,1297,0.0,0.0,0.0,2,7411,255,0.0,0.0,0.0
Closure,55,1,32,not found,0.0,0.0,0.0,3525,3630,not found,0.0,0.0,0.0,3525,3630,not found,0.0,0.0,0.0,5,7150,not found,0.0,0.0,0.0,3,7152,not found,0.0,0.0,0.0,3,7152,not found,0.0,0.0,0.0,72,7083,not found,0.0,0.0,0.0,10,7145,not found,0.0,0.0,0.0,10,7145,not found,0.0,0.0,0.0,10,7145,not found,0.0,0.0,0.0,10,7145,not found,0.0,0.0,0.0,15,7140,not found,0.0,0.0,0.0,5,7150,not found,0.0,0.0,0.0,20,7135,not found,0.0,0.0,0.0,15,7140,not found,0.0,0.0,0.0,15,7140,not found,0.0,0.0,0.0,10,7145,not found,0.0,0.0,0.0,144.4,7010.6,not found,0.0,0.0,0.0,144.4,7010.6,not found,0.0,0.0,0.0,101.25,7053.75,not found,0.0,0.0,0.0,3524,3631,not found,0.0,0.0,0.0,3524,3631,not found,0.0,0.0,0.0,2,7153,not found,0.0,0.0,0.0
Closure,143,14,0,not found,0.0,0.0,0.0,,,,,,,,,,,,,,,,,,,,,,,,,,,,,,,,,,,,,,,,,,,,,,,,,,,,,,,,,,,,,,,,,,,,,,,,,,,,,,,,,,,,,,,,,,,,,,,,,,,,,,,,,,,,,,,,,,,,,,,,,,,,,,,1,4614,520,0.0,0.0,0.0
Closure,106,2,2,not found,0.0,0.0,0.0,,,,,,,,,,,,,,,,,,,,,,,,,,,,,,,,,,,,,,,,,,,,,,,,,,,,,,,,,,,,,,,,,,,,,,,,,,,,,,,,,,,,,,,,,,,,,,,,,,,,,,,,,,,,,,,,,,,,,,,,,,,,,,,1,2552,4523,0.0,0.0,0.0
Compress,17,1,3,1,0.1,1.0,0.18181818181818182,33,317,1,0.1,1.0,0.18181818181818182,33,317,1,0.1,1.0,0.18181818181818182,33,317,1,0.1,1.0,0.18181818181818182,33,317,1,0.1,1.0,0.18181818181818182,3,347,20,0.0,0.0,0.0,1,349,953,0.0,0.0,0.0,10,340,7,0.1,1.0,0.18181818181818182,10,340,1,0.1,1.0,0.18181818181818182,10,340,1,0.1,1.0,0.18181818181818182,10,340,1,0.1,1.0,0.18181818181818182,15,335,1,0.1,1.0,0.18181818181818182,5,345,1,0.1,1.0,0.18181818181818182,20,330,1,0.1,1.0,0.18181818181818182,15,335,1,0.1,1.0,0.18181818181818182,15,335,2,0.1,1.0,0.18181818181818182,10,340,7,0.1,1.0,0.18181818181818182,1.0,349.0,953,0.0,0.0,0.0,1.0,349.0,953,0.0,0.0,0.0,1.0,349.0,953,0.0,0.0,0.0,,,,,,,0,350,2,0.1,1.0,0.18181818181818182,,,,,,
Compress,27,1,8,3,0.1,1.0,0.18181818181818182,20,992,13,0.0,0.0,0.0,18,994,9,0.1,1.0,0.18181818181818182,88,924,15,0.0,0.0,0.0,86,926,15,0.0,0.0,0.0,6,1006,24,0.0,0.0,0.0,4,1008,29,0.0,0.0,0.0,20,992,24,0.0,0.0,0.0,20,992,3,0.1,1.0,0.18181818181818182,20,992,3,0.1,1.0,0.18181818181818182,20,992,3,0.1,1.0,0.18181818181818182,30,982,3,0.1,1.0,0.18181818181818182,10,1002,4,0.1,1.0,0.18181818181818182,40,972,3,0.1,1.0,0.18181818181818182,30,982,3,0.1,1.0,0.18181818181818182,30,982,20,0.0,0.0,0.0,20,992,24,0.0,0.0,0.0,26.5,985.5,14,0.0,0.0,0.0,26.5,985.5,13,0.0,0.0,0.0,32.333333333333336,979.6666666666666,13,0.0,0.0,0.0,94,918,11,0.0,0.0,0.0,94,918,3,0.1,1.0,0.18181818181818182,1,1009,1359,0.0,0.0,0.0
Compress,1,5,3,not found,0.0,0.0,0.0,1,68,56,0.0,0.0,0.0,1,68,56,0.0,0.0,0.0,1,68,56,0.0,0.0,0.0,1,68,56,0.0,0.0,0.0,1,68,56,0.0,0.0,0.0,1,68,56,0.0,0.0,0.0,1,68,56,0.0,0.0,0.0,1,68,56,0.0,0.0,0.0,1,68,56,0.0,0.0,0.0,1,68,56,0.0,0.0,0.0,1,68,56,0.0,0.0,0.0,1,68,56,0.0,0.0,0.0,1,68,56,0.0,0.0,0.0,1,68,56,0.0,0.0,0.0,1,68,56,0.0,0.0,0.0,1,68,56,0.0,0.0,0.0,1.0,68.0,56,0.0,0.0,0.0,1.0,68.0,56,0.0,0.0,0.0,1.0,68.0,56,0.0,0.0,0.0,,,,,,,0,69,not found,0.0,0.0,0.0,,,,,,
Compress,12,1,29,4,0.1,1.0,0.18181818181818182,11,304,13,0.0,0.0,0.0,11,304,13,0.0,0.0,0.0,11,304,12,0.0,0.0,0.0,11,304,12,0.0,0.0,0.0,3,312,17,0.0,0.0,0.0,1,314,41,0.0,0.0,0.0,10,305,12,0.0,0.0,0.0,10,305,3,0.1,1.0,0.18181818181818182,10,305,3,0.1,1.0,0.18181818181818182,10,305,3,0.1,1.0,0.18181818181818182,15,300,3,0.1,1.0,0.18181818181818182,5,310,4,0.1,1.0,0.18181818181818182,20,295,3,0.1,1.0,0.18181818181818182,15,300,3,0.1,1.0,0.18181818181818182,15,300,10,0.1,1.0,0.18181818181818182,10,305,13,0.0,0.0,0.0,3.75,311.25,22,0.0,0.0,0.0,3.75,311.25,15,0.0,0.0,0.0,3.75,311.25,17,0.0,0.0,0.0,20,295,10,0.1,1.0,0.18181818181818182,20,295,3,0.1,1.0,0.18181818181818182,,,,,,
Compress,32,1,6,4,0.1,1.0,0.18181818181818182,48,565,1485,0.0,0.0,0.0,47,566,1485,0.0,0.0,0.0,23,590,2,0.1,1.0,0.18181818181818182,22,591,2,0.1,1.0,0.18181818181818182,3,610,2,0.1,1.0,0.18181818181818182,2,611,3,0.1,1.0,0.18181818181818182,10,603,2,0.1,1.0,0.18181818181818182,10,603,2,0.1,1.0,0.18181818181818182,10,603,2,0.1,1.0,0.18181818181818182,10,603,2,0.1,1.0,0.18181818181818182,15,598,1,0.1,1.0,0.18181818181818182,5,608,3,0.1,1.0,0.18181818181818182,20,593,1,0.1,1.0,0.18181818181818182,15,598,1,0.1,1.0,0.18181818181818182,15,598,2,0.1,1.0,0.18181818181818182,10,603,2,0.1,1.0,0.18181818181818182,12.0,601.0,2,0.1,1.0,0.18181818181818182,12.0,601.0,2,0.1,1.0,0.18181818181818182,8.333333333333334,604.6666666666666,2,0.1,1.0,0.18181818181818182,,,,,,,0,613,21,0.0,0.0,0.0,1,610,1485,0.0,0.0,0.0
Compress,24,1,6,1,0.1,1.0,0.18181818181818182,21,914,13,0.0,0.0,0.0,18,917,9,0.1,1.0,0.18181818181818182,87,848,15,0.0,0.0,0.0,84,851,15,0.0,0.0,0.0,6,929,17,0.0,0.0,0.0,6,929,17,0.0,0.0,0.0,20,915,16,0.0,0.0,0.0,20,915,1,0.1,1.0,0.18181818181818182,20,915,1,0.1,1.0,0.18181818181818182,20,915,1,0.1,1.0,0.18181818181818182,30,905,1,0.1,1.0,0.18181818181818182,10,925,1,0.1,1.0,0.18181818181818182,40,895,1,0.1,1.0,0.18181818181818182,30,905,1,0.1,1.0,0.18181818181818182,30,905,14,0.0,0.0,0.0,20,915,21,0.0,0.0,0.0,46.5,888.5,14,0.0,0.0,0.0,46.5,888.5,14,0.0,0.0,0.0,37.6,897.4,13,0.0,0.0,0.0,92,843,11,0.0,0.0,0.0,92,843,1,0.1,1.0,0.18181818181818182,2,932,1321,0.0,0.0,0.0
Compress,34,3,15,2,0.1,0.3333333333333333,0.15384615384615383,194,1034,436,0.0,0.0,0.0,192,1036,434,0.0,0.0,0.0,14,1214,1,0.1,0.3333333333333333,0.15384615384615383,14,1214,1,0.1,0.3333333333333333,0.15384615384615383,6,1222,1,0.1,0.3333333333333333,0.15384615384615383,14,1214,1,0.1,0.3333333333333333,0.15384615384615383,20,1208,1,0.1,0.3333333333333333,0.15384615384615383,20,1208,2,0.1,0.3333333333333333,0.15384615384615383,20,1208,2,0.1,0.3333333333333333,0.15384615384615383,20,1208,2,0.1,0.3333333333333333,0.15384615384615383,30,1198,2,0.1,0.3333333333333333,0.15384615384615383,10,1218,2,0.1,0.3333333333333333,0.15384615384615383,40,1188,2,0.1,0.3333333333333333,0.15384615384615383,30,1198,2,0.1,0.3333333333333333,0.15384615384615383,30,1198,3,0.1,0.3333333333333333,0.15384615384615383,20,1208,1,0.1,0.3333333333333333,0.15384615384615383,36.8,1191.2,1,0.1,0.3333333333333333,0.15384615384615383,36.8,1191.2,1,0.1,0.3333333333333333,0.15384615384615383,47.0,1181.0,1,0.1,0.3333333333333333,0.15384615384615383,114,1114,127,0.0,0.0,0.0,114,1114,20,0.0,0.0,0.0,1,1225,4,0.1,0.3333333333333333,0.15384615384615383
Compress,18,1,19,2,0.1,1.0,0.18181818181818182,18,333,953,0.0,0.0,0.0,18,333,953,0.0,0.0,0.0,8,343,2,0.1,1.0,0.18181818181818182,8,343,2,0.1,1.0,0.18181818181818182,3,348,8,0.1,1.0,0.18181818181818182,1,350,6,0.1,1.0,0.18181818181818182,10,341,3,0.1,1.0,0.18181818181818182,10,341,2,0.1,1.0,0.18181818181818182,10,341,2,0.1,1.0,0.18181818181818182,10,341,2,0.1,1.0,0.18181818181818182,15,336,2,0.1,1.0,0.18181818181818182,5,346,2,0.1,1.0,0.18181818181818182,20,331,4,0.1,1.0,0.18181818181818182,15,336,3,0.1,1.0,0.18181818181818182,15,336,19,0.0,0.0,0.0,10,341,3,0.1,1.0,0.18181818181818182,4.0,347.0,3,0.1,1.0,0.18181818181818182,4.0,347.0,3,0.1,1.0,0.18181818181818182,4.0,347.0,3,0.1,1.0,0.18181818181818182,8,343,2,0.1,1.0,0.18181818181818182,8,343,2,0.1,1.0,0.18181818181818182,,,,,,
Compress,14,1,32,29,0.0,0.0,0.0,4,313,3,0.1,1.0,0.18181818181818182,4,313,3,0.1,1.0,0.18181818181818182,20,297,13,0.0,0.0,0.0,20,297,13,0.0,0.0,0.0,3,314,21,0.0,0.0,0.0,2,315,55,0.0,0.0,0.0,10,307,15,0.0,0.0,0.0,10,307,12,0.0,0.0,0.0,10,307,12,0.0,0.0,0.0,10,307,12,0.0,0.0,0.0,15,302,11,0.0,0.0,0.0,5,312,12,0.0,0.0,0.0,20,297,11,0.0,0.0,0.0,15,302,3,0.1,1.0,0.18181818181818182,15,302,13,0.0,0.0,0.0,10,307,15,0.0,0.0,0.0,2.0,315.0,55,0.0,0.0,0.0,2.0,315.0,55,0.0,0.0,0.0,2.0,315.0,55,0.0,0.0,0.0,21,296,13,0.0,0.0,0.0,21,296,11,0.0,0.0,0.0,,,,,,
Compress,23,1,7,1,0.1,1.0,0.18181818181818182,24,442,not found,0.0,0.0,0.0,23,443,not found,0.0,0.0,0.0,5,461,not found,0.0,0.0,0.0,4,462,not found,0.0,0.0,0.0,3,463,not found,0.0,0.0,0.0,3,463,not found,0.0,0.0,0.0,10,456,not found,0.0,0.0,0.0,10,456,not found,0.0,0.0,0.0,10,456,not found,0.0,0.0,0.0,10,456,not found,0.0,0.0,0.0,15,451,not found,0.0,0.0,0.0,5,461,not found,0.0,0.0,0.0,20,446,not found,0.0,0.0,0.0,15,451,2,0.1,1.0,0.18181818181818182,15,451,not found,0.0,0.0,0.0,10,456,not found,0.0,0.0,0.0,7.333333333333333,458.6666666666667,not found,0.0,0.0,0.0,7.333333333333333,458.6666666666667,not found,0.0,0.0,0.0,7.333333333333333,458.6666666666667,not found,0.0,0.0,0.0,16,450,not found,0.0,0.0,0.0,16,450,not found,0.0,0.0,0.0,1,463,not found,0.0,0.0,0.0
Compress,31,1,62,not found,0.0,0.0,0.0,2,1104,1471,0.0,0.0,0.0,,,,,,,94,1012,15,0.0,0.0,0.0,92,1014,15,0.0,0.0,0.0,6,1100,36,0.0,0.0,0.0,2,1104,27,0.0,0.0,0.0,20,1086,23,0.0,0.0,0.0,20,1086,24,0.0,0.0,0.0,20,1086,24,0.0,0.0,0.0,20,1086,24,0.0,0.0,0.0,30,1076,23,0.0,0.0,0.0,10,1096,27,0.0,0.0,0.0,40,1066,21,0.0,0.0,0.0,30,1076,23,0.0,0.0,0.0,30,1076,23,0.0,0.0,0.0,20,1086,23,0.0,0.0,0.0,2.0,1104.0,27,0.0,0.0,0.0,2.0,1104.0,27,0.0,0.0,0.0,2.0,1104.0,27,0.0,0.0,0.0,92,1014,15,0.0,0.0,0.0,92,1014,15,0.0,0.0,0.0,1,1103,1471,0.0,0.0,0.0
JacksonCore,7,23,18,not found,0.0,0.0,0.0,1,260,51,0.0,0.0,0.0,1,260,51,0.0,0.0,0.0,1,260,51,0.0,0.0,0.0,1,260,51,0.0,0.0,0.0,1,260,51,0.0,0.0,0.0,1,260,51,0.0,0.0,0.0,1,260,51,0.0,0.0,0.0,1,260,56,0.0,0.0,0.0,1,260,56,0.0,0.0,0.0,1,260,56,0.0,0.0,0.0,1,260,56,0.0,0.0,0.0,1,260,56,0.0,0.0,0.0,1,260,56,0.0,0.0,0.0,1,260,56,0.0,0.0,0.0,1,260,51,0.0,0.0,0.0,1,260,51,0.0,0.0,0.0,1.0,260.0,51,0.0,0.0,0.0,1.0,260.0,51,0.0,0.0,0.0,1.0,260.0,51,0.0,0.0,0.0,,,,,,,0,261,309,0.0,0.0,0.0,,,,,,
JacksonCore,10,4,16,not found,0.0,0.0,0.0,119,211,11,0.0,0.0,0.0,119,211,11,0.0,0.0,0.0,31,299,8,0.1,0.25,0.14285714285714288,31,299,8,0.1,0.25,0.14285714285714288,3,327,25,0.0,0.0,0.0,1,329,21,0.0,0.0,0.0,10,320,13,0.0,0.0,0.0,10,320,15,0.0,0.0,0.0,10,320,15,0.0,0.0,0.0,10,320,15,0.0,0.0,0.0,15,315,13,0.0,0.0,0.0,5,325,21,0.0,0.0,0.0,20,310,12,0.0,0.0,0.0,15,315,13,0.0,0.0,0.0,15,315,11,0.0,0.0,0.0,10,320,13,0.0,0.0,0.0,3.75,326.25,10,0.1,0.25,0.14285714285714288,3.75,326.25,10,0.1,0.25,0.14285714285714288,4.142857142857143,325.85714285714283,10,0.1,0.25,0.14285714285714288,52,278,9,0.1,0.25,0.14285714285714288,52,278,10,0.1,0.25,0.14285714285714288,1,326,3,0.2,0.5,0.28571428571428575
JacksonCore,11,1,39,not found,0.0,0.0,0.0,63,271,4,0.1,1.0,0.18181818181818182,63,271,4,0.1,1.0,0.18181818181818182,6,328,22,0.0,0.0,0.0,6,328,22,0.0,0.0,0.0,3,331,25,0.0,0.0,0.0,1,333,19,0.0,0.0,0.0,10,324,17,0.0,0.0,0.0,10,324,19,0.0,0.0,0.0,10,324,19,0.0,0.0,0.0,10,324,19,0.0,0.0,0.0,15,319,17,0.0,0.0,0.0,5,329,25,0.0,0.0,0.0,20,314,12,0.0,0.0,0.0,15,319,17,0.0,0.0,0.0,15,319,14,0.0,0.0,0.0,10,324,18,0.0,0.0,0.0,2.6,331.4,16,0.0,0.0,0.0,2.6,331.4,19,0.0,0.0,0.0,2.125,331.875,21,0.0,0.0,0.0,51,283,8,0.1,1.0,0.18181818181818182,51,283,8,0.1,1.0,0.18181818181818182,,,,,,
JacksonCore,4,1,7,1,0.1,1.0,0.18181818181818182,106,133,1007,0.0,0.0,0.0,106,133,1007,0.0,0.0,0.0,24,215,1007,0.0,0.0,0.0,24,215,1007,0.0,0.0,0.0,3,236,1007,0.0,0.0,0.0,1,238,1007,0.0,0.0,0.0,10,229,1007,0.0,0.0,0.0,10,229,2,0.1,1.0,0.18181818181818182,10,229,2,0.1,1.0,0.18181818181818182,10,229,2,0.1,1.0,0.18181818181818182,15,224,2,0.1,1.0,0.18181818181818182,5,234,1,0.1,1.0,0.18181818181818182,20,219,2,0.1,1.0,0.18181818181818182,15,224,2,0.1,1.0,0.18181818181818182,15,224,1007,0.0,0.0,0.0,10,229,1007,0.0,0.0,0.0,4.333333333333333,234.66666666666666,1007,0.0,0.0,0.0,4.333333333333333,234.66666666666666,1007,0.0,0.0,0.0,3.5,235.5,1007,0.0,0.0,0.0,,,,,,,0,239,3,0.1,1.0,0.18181818181818182,1,235,1007,0.0,0.0,0.0
JacksonDatabind,37,2,45,not found,0.0,0.0,0.0,901,648,799,0.0,0.0,0.0,892,657,796,0.0,0.0,0.0,36,1513,1085,0.0,0.0,0.0,4,1545,4740,0.0,0.0,0.0,3,1546,4740,0.0,0.0,0.0,1,1548,4740,0.0,0.0,0.0,10,1539,4740,0.0,0.0,0.0,10,1539,4761,0.0,0.0,0.0,10,1539,4761,0.0,0.0,0.0,10,1539,4761,0.0,0.0,0.0,15,1534,4761,0.0,0.0,0.0,5,1544,4761,0.0,0.0,0.0,20,1529,4761,0.0,0.0,0.0,15,1534,4760,0.0,0.0,0.0,15,1534,4740,0.0,0.0,0.0,10,1539,351,0.0,0.0,0.0,8.8,1540.2,4740,0.0,0.0,0.0,8.8,1540.2,4740,0.0,0.0,0.0,7.6,1541.4,996,0.0,0.0,0.0,887,662,791,0.0,0.0,0.0,887,662,798,0.0,0.0,0.0,32,1544,1077,0.0,0.0,0.0
JacksonDatabind,28,2,11,4,0.2,1.0,0.33333333333333337,873,619,1137,0.0,0.0,0.0,858,634,1132,0.0,0.0,0.0,36,1456,1142,0.0,0.0,0.0,1,1491,2,0.1,0.5,0.16666666666666669,3,1489,8,0.1,0.5,0.16666666666666669,5,1487,3,0.1,0.5,0.16666666666666669,10,1482,26,0.0,0.0,0.0,10,1482,29,0.0,0.0,0.0,10,1482,29,0.0,0.0,0.0,10,1482,29,0.0,0.0,0.0,15,1477,14,0.0,0.0,0.0,5,1487,6,0.1,0.5,0.16666666666666669,20,1472,22,0.0,0.0,0.0,15,1477,2,0.1,0.5,0.16666666666666669,15,1477,11,0.0,0.0,0.0,10,1482,23,0.0,0.0,0.0,7.0,1485.0,21,0.0,0.0,0.0,7.0,1485.0,10,0.1,0.5,0.16666666666666669,84.88888888888889,1407.111111111111,13,0.0,0.0,0.0,789,703,1285,0.0,0.0,0.0,789,703,869,0.0,0.0,0.0,35,1487,1163,0.0,0.0,0.0
JacksonDatabind,32,3,9,not found,0.0,0.0,0.0,827,683,4613,0.0,0.0,0.0,814,696,4613,0.0,0.0,0.0,153,1357,4613,0.0,0.0,0.0,120,1390,4613,0.0,0.0,0.0,3,1507,4613,0.0,0.0,0.0,1,1509,4613,0.0,0.0,0.0,10,1500,4613,0.0,0.0,0.0,10,1500,4617,0.0,0.0,0.0,10,1500,4617,0.0,0.0,0.0,10,1500,4617,0.0,0.0,0.0,15,1495,4617,0.0,0.0,0.0,5,1505,4617,0.0,0.0,0.0,20,1490,4617,0.0,0.0,0.0,15,1495,4617,0.0,0.0,0.0,15,1495,4613,0.0,0.0,0.0,10,1500,4613,0.0,0.0,0.0,1.0,1509.0,4613,0.0,0.0,0.0,1.0,1509.0,4613,0.0,0.0,0.0,2.75,1507.25,4613,0.0,0.0,0.0,135,1375,4613,0.0,0.0,0.0,135,1375,4617,0.0,0.0,0.0,33,1505,4613,0.0,0.0,0.0
JacksonDatabind,73,2,23,not found,0.0,0.0,0.0,538,950,197,0.0,0.0,0.0,521,967,199,0.0,0.0,0.0,38,1450,347,0.0,0.0,0.0,3,1485,673,0.0,0.0,0.0,3,1485,264,0.0,0.0,0.0,16,1472,245,0.0,0.0,0.0,10,1478,182,0.0,0.0,0.0,10,1478,192,0.0,0.0,0.0,10,1478,192,0.0,0.0,0.0,10,1478,192,0.0,0.0,0.0,15,1473,253,0.0,0.0,0.0,5,1483,221,0.0,0.0,0.0,19,1469,249,0.0,0.0,0.0,15,1473,253,0.0,0.0,0.0,15,1473,244,0.0,0.0,0.0,10,1478,363,0.0,0.0,0.0,9.0,1479.0,246,0.0,0.0,0.0,9.0,1479.0,243,0.0,0.0,0.0,7.714285714285714,1480.2857142857142,258,0.0,0.0,0.0,83,1405,301,0.0,0.0,0.0,83,1405,303,0.0,0.0,0.0,35,1483,334,0.0,0.0,0.0
JacksonDatabind,25,8,17,not found,0.0,0.0,0.0,911,572,13,0.0,0.0,0.0,898,585,13,0.0,0.0,0.0,38,1445,48,0.0,0.0,0.0,6,1477,148,0.0,0.0,0.0,3,1480,173,0.0,0.0,0.0,1,1482,108,0.0,0.0,0.0,10,1473,84,0.0,0.0,0.0,10,1473,96,0.0,0.0,0.0,10,1473,96,0.0,0.0,0.0,10,1473,96,0.0,0.0,0.0,15,1468,86,0.0,0.0,0.0,5,1478,119,0.0,0.0,0.0,20,1463,79,0.0,0.0,0.0,15,1468,88,0.0,0.0,0.0,15,1468,76,0.0,0.0,0.0,10,1473,121,0.0,0.0,0.0,104.6,1378.4,42,0.0,0.0,0.0,104.6,1378.4,43,0.0,0.0,0.0,257.4,1225.6,68,0.0,0.0,0.0,903,580,13,0.0,0.0,0.0,903,580,20,0.0,0.0,0.0,32,1478,193,0.0,0.0,0.0
JacksonDatabind,3,2,5,1,0.1,0.5,0.16666666666666669,351,902,1937,0.0,0.0,0.0,336,917,1930,0.0,0.0,0.0,32,1221,9,0.1,0.5,0.16666666666666669,5,1248,3,0.1,0.5,0.16666666666666669,3,1250,1,0.1,0.5,0.16666666666666669,2,1251,1,0.1,0.5,0.16666666666666669,10,1243,3,0.1,0.5,0.16666666666666669,10,1243,1,0.1,0.5,0.16666666666666669,10,1243,1,0.1,0.5,0.16666666666666669,10,1243,1,0.1,0.5,0.16666666666666669,15,1238,1,0.1,0.5,0.16666666666666669,5,1248,1,0.2,1.0,0.33333333333333337,20,1233,1,0.1,0.5,0.16666666666666669,15,1238,1,0.1,0.5,0.16666666666666669,15,1238,3,0.1,0.5,0.16666666666666669,10,1243,3,0.1,0.5,0.16666666666666669,1.3333333333333333,1251.6666666666667,1,0.1,0.5,0.16666666666666669,1.3333333333333333,1251.6666666666667,1,0.1,0.5,0.16666666666666669,1.3333333333333333,1251.6666666666667,1,0.1,0.5,0.16666666666666669,312,941,1257,0.0,0.0,0.0,312,941,1,0.1,0.5,0.16666666666666669,27,1248,824,0.0,0.0,0.0
JacksonDatabind,59,1,21,not found,0.0,0.0,0.0,2,5,2316,0.0,0.0,0.0,2,5,2316,0.0,0.0,0.0,1,6,2316,0.0,0.0,0.0,1,6,2316,0.0,0.0,0.0,,,,,,,,,,,,,,,,,,,,,,,,,,,,,,,,,,,,,,,,,,,,,,,,,,,,,,,0,7,not found,0.0,0.0,0.0,,,,,,,2,5,2316,0.0,0.0,0.0,,,,,,,,,,,,,2.0,5.0,2316,0.0,0.0,0.0,1,6,2316,0.0,0.0,0.0,1,6,2328,0.0,0.0,0.0,,,,,,
JacksonDatabind,14,1,40,8,0.1,1.0,0.18181818181818182,439,936,1797,0.0,0.0,0.0,432,943,1790,0.0,0.0,0.0,27,1348,4304,0.0,0.0,0.0,1,1374,4304,0.0,0.0,0.0,3,1372,4304,0.0,0.0,0.0,1,1374,4304,0.0,0.0,0.0,10,1365,4304,0.0,0.0,0.0,10,1365,86,0.0,0.0,0.0,10,1365,86,0.0,0.0,0.0,10,1365,86,0.0,0.0,0.0,15,1360,203,0.0,0.0,0.0,5,1370,36,0.0,0.0,0.0,20,1355,361,0.0,0.0,0.0,15,1360,206,0.0,0.0,0.0,15,1360,4304,0.0,0.0,0.0,10,1365,4304,0.0,0.0,0.0,7.0,1368.0,4304,0.0,0.0,0.0,7.0,1368.0,4304,0.0,0.0,0.0,8.25,1366.75,510,0.0,0.0,0.0,404,971,1759,0.0,0.0,0.0,404,971,987,0.0,0.0,0.0,26,1370,4304,0.0,0.0,0.0
JacksonDatabind,15,8,9,3,0.1,0.125,0.11111111111111112,657,720,101,0.0,0.0,0.0,643,734,101,0.0,0.0,0.0,26,1351,605,0.0,0.0,0.0,1,1376,93,0.0,0.0,0.0,1,1376,93,0.0,0.0,0.0,3,1374,220,0.0,0.0,0.0,10,1367,10,0.1,0.125,0.11111111111111112,10,1367,2,0.1,0.125,0.11111111111111112,10,1367,2,0.1,0.125,0.11111111111111112,10,1367,3,0.2,0.25,0.22222222222222224,15,1362,2,0.1,0.125,0.11111111111111112,5,1372,2,0.2,0.25,0.22222222222222224,20,1357,3,0.1,0.125,0.11111111111111112,15,1362,2,0.1,0.125,0.11111111111111112,15,1362,9,0.1,0.125,0.11111111111111112,10,1367,73,0.0,0.0,0.0,3.6,1373.4,7,0.2,0.25,0.22222222222222224,3.6,1373.4,5,0.2,0.25,0.22222222222222224,60.22222222222222,1316.7777777777778,6,0.2,0.25,0.22222222222222224,640,737,101,0.0,0.0,0.0,640,737,104,0.0,0.0,0.0,25,1372,633,0.0,0.0,0.0
JacksonDatabind,9,2,0,not found,0.0,0.0,0.0,,,,,,,,,,,,,,,,,,,,,,,,,,,,,,,,,,,,,,,,,,,,,,,,,,,,,,,,,,,,,,,,,,,,,,,,,,,,,,,,,,,,,,,,,,,,,,,,,,,,,,,,,,,,,,,,,,,,,,,,,,,,,,,26,1355,4298,0.0,0.0,0.0
Gson,5,1,55,15,0.0,0.0,0.0,672,1298,688,0.0,0.0,0.0,672,1298,688,0.0,0.0,0.0,8,1962,688,0.0,0.0,0.0,8,1962,688,0.0,0.0,0.0,6,1964,688,0.0,0.0,0.0,2,1968,688,0.0,0.0,0.0,20,1950,688,0.0,0.0,0.0,20,1950,34,0.0,0.0,0.0,20,1950,34,0.0,0.0,0.0,20,1950,34,0.0,0.0,0.0,30,1940,54,0.0,0.0,0.0,10,1960,32,0.0,0.0,0.0,40,1930,103,0.0,0.0,0.0,30,1940,33,0.0,0.0,0.0,30,1940,688,0.0,0.0,0.0,20,1950,688,0.0,0.0,0.0,19.5,1950.5,688,0.0,0.0,0.0,19.5,1950.5,688,0.0,0.0,0.0,58.0,1912.0,688,0.0,0.0,0.0,268,1702,688,0.0,0.0,0.0,268,1702,208,0.0,0.0,0.0,,,,,,
Gson,12,1,1,1,0.1,1.0,0.18181818181818182,,,,,,,,,,,,,9,1006,1,0.1,1.0,0.18181818181818182,9,1006,1,0.1,1.0,0.18181818181818182,3,1012,1,0.1,1.0,0.18181818181818182,9,1006,1,0.1,1.0,0.18181818181818182,9,1006,1,0.1,1.0,0.18181818181818182,9,1006,1,0.1,1.0,0.18181818181818182,9,1006,1,0.1,1.0,0.18181818181818182,9,1006,1,0.1,1.0,0.18181818181818182,9,1006,1,0.1,1.0,0.18181818181818182,5,1010,1,0.1,1.0,0.18181818181818182,9,1006,1,0.1,1.0,0.18181818181818182,9,1006,1,0.1,1.0,0.18181818181818182,9,1006,1,0.1,1.0,0.18181818181818182,9,1006,1,0.1,1.0,0.18181818181818182,9.0,1006.0,1,0.1,1.0,0.18181818181818182,9.0,1006.0,1,0.1,1.0,0.18181818181818182,9.0,1006.0,1,0.1,1.0,0.18181818181818182,8,1007,1,0.1,1.0,0.18181818181818182,8,1007,1,0.1,1.0,0.18181818181818182,,,,,,
Gson,8,1,2,2,0.1,1.0,0.18181818181818182,,,,,,,,,,,,,,,,,,,,,,,,,,,,,,,,,,,,,,,,,,,,,,,,,,,,,,,,,,,,,,,,,,,,,,,,,,,,,,,0,989,2,0.1,1.0,0.18181818181818182,,,,,,,,,,,,,,,,,,,,,,,,,,,,,,,,,,,,,0,989,not found,0.0,0.0,0.0,,,,,,
Codec,8,5,3,1,0.2,0.4,0.26666666666666666,36,258,1,0.2,0.4,0.26666666666666666,36,258,1,0.2,0.4,0.26666666666666666,4,290,3,0.2,0.4,0.26666666666666666,4,290,3,0.2,0.4,0.26666666666666666,3,291,3,0.2,0.4,0.26666666666666666,1,293,3,0.3,0.6,0.4,10,284,1,0.2,0.4,0.26666666666666666,10,284,1,0.3,0.6,0.4,10,284,1,0.3,0.6,0.4,10,284,1,0.3,0.6,0.4,15,279,1,0.3,0.6,0.4,5,289,1,0.3,0.6,0.4,20,274,1,0.3,0.6,0.4,15,279,1,0.3,0.6,0.4,15,279,1,0.2,0.4,0.26666666666666666,10,284,1,0.2,0.4,0.26666666666666666,1.3333333333333333,292.6666666666667,3,0.3,0.6,0.4,1.3333333333333333,292.6666666666667,3,0.3,0.6,0.4,1.3333333333333333,292.6666666666667,3,0.3,0.6,0.4,38,256,1,0.2,0.4,0.26666666666666666,38,256,1,0.3,0.6,0.4,,,,,,
Cli,14,1,8,5,0.1,1.0,0.18181818181818182,72,467,8,0.1,1.0,0.18181818181818182,71,468,8,0.1,1.0,0.18181818181818182,2,537,42,0.0,0.0,0.0,1,538,16,0.0,0.0,0.0,3,536,23,0.0,0.0,0.0,8,531,23,0.0,0.0,0.0,10,529,19,0.0,0.0,0.0,10,529,7,0.1,1.0,0.18181818181818182,10,529,7,0.1,1.0,0.18181818181818182,10,529,7,0.1,1.0,0.18181818181818182,15,524,5,0.1,1.0,0.18181818181818182,5,534,10,0.1,1.0,0.18181818181818182,20,519,5,0.1,1.0,0.18181818181818182,15,524,5,0.1,1.0,0.18181818181818182,15,524,15,0.0,0.0,0.0,10,529,19,0.0,0.0,0.0,2.4,536.6,29,0.0,0.0,0.0,2.4,536.6,19,0.0,0.0,0.0,2.142857142857143,536.8571428571429,19,0.0,0.0,0.0,50,489,3,0.1,1.0,0.18181818181818182,50,489,5,0.1,1.0,0.18181818181818182,1,538,386,0.0,0.0,0.0
Cli,5,1,3,1,0.1,1.0,0.18181818181818182,24,79,37,0.0,0.0,0.0,21,82,33,0.0,0.0,0.0,63,40,3,0.1,1.0,0.18181818181818182,60,43,3,0.1,1.0,0.18181818181818182,3,100,12,0.0,0.0,0.0,4,99,13,0.0,0.0,0.0,10,93,5,0.1,1.0,0.18181818181818182,10,93,1,0.1,1.0,0.18181818181818182,10,93,1,0.1,1.0,0.18181818181818182,10,93,1,0.1,1.0,0.18181818181818182,15,88,1,0.1,1.0,0.18181818181818182,5,98,1,0.1,1.0,0.18181818181818182,20,83,1,0.1,1.0,0.18181818181818182,15,88,1,0.1,1.0,0.18181818181818182,15,88,5,0.1,1.0,0.18181818181818182,10,93,5,0.1,1.0,0.18181818181818182,36.0,67.0,3,0.1,1.0,0.18181818181818182,36.0,67.0,3,0.1,1.0,0.18181818181818182,36.0,67.0,3,0.1,1.0,0.18181818181818182,68,35,3,0.1,1.0,0.18181818181818182,68,35,1,0.1,1.0,0.18181818181818182,3,102,155,0.0,0.0,0.0
Math,81,4,7,1,0.3,0.75,0.4285714285714285,20,2075,5,0.2,0.5,0.28571428571428575,19,2076,5,0.2,0.5,0.28571428571428575,16,2079,11,0.0,0.0,0.0,15,2080,11,0.0,0.0,0.0,3,2092,12,0.0,0.0,0.0,1,2094,12,0.0,0.0,0.0,10,2085,11,0.0,0.0,0.0,10,2085,1,0.2,0.5,0.28571428571428575,10,2085,1,0.2,0.5,0.28571428571428575,10,2085,1,0.2,0.5,0.28571428571428575,15,2080,1,0.2,0.5,0.28571428571428575,5,2090,1,0.3,0.75,0.4285714285714285,20,2075,1,0.3,0.75,0.4285714285714285,15,2080,1,0.2,0.5,0.28571428571428575,15,2080,11,0.0,0.0,0.0,10,2085,11,0.0,0.0,0.0,10.4,2084.6,11,0.0,0.0,0.0,10.4,2084.6,11,0.0,0.0,0.0,10.4,2084.6,11,0.0,0.0,0.0,34,2061,4,0.2,0.5,0.28571428571428575,34,2061,1,0.4,1.0,0.5714285714285715,1,2087,2839,0.0,0.0,0.0
Math,79,1,1,not found,0.0,0.0,0.0,1,2094,2839,0.0,0.0,0.0,,,,,,,2,2093,12,0.0,0.0,0.0,1,2094,12,0.0,0.0,0.0,1,2094,12,0.0,0.0,0.0,1,2094,12,0.0,0.0,0.0,1,2094,12,0.0,0.0,0.0,1,2094,12,0.0,0.0,0.0,1,2094,12,0.0,0.0,0.0,1,2094,12,0.0,0.0,0.0,1,2094,12,0.0,0.0,0.0,1,2094,12,0.0,0.0,0.0,1,2094,12,0.0,0.0,0.0,1,2094,12,0.0,0.0,0.0,1,2094,12,0.0,0.0,0.0,1,2094,12,0.0,0.0,0.0,1.0,2094.0,12,0.0,0.0,0.0,1.0,2094.0,12,0.0,0.0,0.0,1.0,2094.0,12,0.0,0.0,0.0,1,2094,12,0.0,0.0,0.0,1,2094,12,0.0,0.0,0.0,1,2087,2839,0.0,0.0,0.0
Math,97,5,2,1,0.1,0.2,0.13333333333333333,,,,,,,,,,,,,2,2013,1308,0.0,0.0,0.0,2,2013,1308,0.0,0.0,0.0,2,2013,1308,0.0,0.0,0.0,2,2013,1308,0.0,0.0,0.0,2,2013,1308,0.0,0.0,0.0,2,2013,1,0.1,0.2,0.13333333333333333,2,2013,1,0.1,0.2,0.13333333333333333,2,2013,1,0.1,0.2,0.13333333333333333,2,2013,1,0.1,0.2,0.13333333333333333,2,2013,1,0.1,0.2,0.13333333333333333,2,2013,1,0.1,0.2,0.13333333333333333,2,2013,1,0.1,0.2,0.13333333333333333,2,2013,1308,0.0,0.0,0.0,2,2013,1308,0.0,0.0,0.0,2.0,2013.0,1308,0.0,0.0,0.0,2.0,2013.0,1308,0.0,0.0,0.0,2.0,2013.0,1308,0.0,0.0,0.0,,,,,,,0,2015,2,0.1,0.2,0.13333333333333333,,,,,,
Time,10,1,11,4,0.1,1.0,0.18181818181818182,2032,1900,1044,0.0,0.0,0.0,2030,1902,1044,0.0,0.0,0.0,22,3910,2996,0.0,0.0,0.0,1,3931,2996,0.0,0.0,0.0,1,3931,3,0.1,1.0,0.18181818181818182,1,3931,3,0.1,1.0,0.18181818181818182,10,3922,1,0.1,1.0,0.18181818181818182,10,3922,2,0.1,1.0,0.18181818181818182,10,3922,2,0.1,1.0,0.18181818181818182,10,3922,2,0.1,1.0,0.18181818181818182,15,3917,2,0.1,1.0,0.18181818181818182,5,3927,2,0.1,1.0,0.18181818181818182,20,3912,2,0.1,1.0,0.18181818181818182,15,3917,2,0.1,1.0,0.18181818181818182,15,3917,1,0.1,1.0,0.18181818181818182,10,3922,17,0.0,0.0,0.0,392.0,3540.0,471,0.0,0.0,0.0,392.0,3540.0,41,0.0,0.0,0.0,387.6,3544.4,456,0.0,0.0,0.0,2030,1902,1044,0.0,0.0,0.0,2030,1902,518,0.0,0.0,0.0,21,3922,2996,0.0,0.0,0.0
Time,14,1,8,3,0.1,1.0,0.18181818181818182,1995,1881,2985,0.0,0.0,0.0,1993,1883,2985,0.0,0.0,0.0,21,3855,2985,0.0,0.0,0.0,1,3875,2985,0.0,0.0,0.0,3,3873,2985,0.0,0.0,0.0,1,3875,2985,0.0,0.0,0.0,10,3866,2985,0.0,0.0,0.0,10,3866,5,0.1,1.0,0.18181818181818182,10,3866,5,0.1,1.0,0.18181818181818182,10,3866,5,0.1,1.0,0.18181818181818182,15,3861,6,0.1,1.0,0.18181818181818182,5,3871,4,0.1,1.0,0.18181818181818182,20,3856,6,0.1,1.0,0.18181818181818182,15,3861,6,0.1,1.0,0.18181818181818182,15,3861,2985,0.0,0.0,0.0,10,3866,2985,0.0,0.0,0.0,373.6,3502.4,2985,0.0,0.0,0.0,373.6,3502.4,2985,0.0,0.0,0.0,311.6666666666667,3564.3333333333335,2985,0.0,0.0,0.0,1788,2088,2985,0.0,0.0,0.0,1788,2088,499,0.0,0.0,0.0,20,3866,2985,0.0,0.0,0.0
Lang,61,1,40,not found,0.0,0.0,0.0,61,1610,1251,0.0,0.0,0.0,42,1629,1251,0.0,0.0,0.0,26,1645,1251,0.0,0.0,0.0,7,1664,1251,0.0,0.0,0.0,1,1670,1251,0.0,0.0,0.0,1,1670,1251,0.0,0.0,0.0,10,1661,1251,0.0,0.0,0.0,10,1661,1269,0.0,0.0,0.0,10,1661,1269,0.0,0.0,0.0,10,1661,1269,0.0,0.0,0.0,13,1658,1269,0.0,0.0,0.0,5,1666,1269,0.0,0.0,0.0,13,1658,1269,0.0,0.0,0.0,13,1658,1269,0.0,0.0,0.0,13,1658,1251,0.0,0.0,0.0,10,1661,1251,0.0,0.0,0.0,7.0,1664.0,1251,0.0,0.0,0.0,7.0,1664.0,1251,0.0,0.0,0.0,7.0,1664.0,1251,0.0,0.0,0.0,40,1631,1251,0.0,0.0,0.0,40,1631,1269,0.0,0.0,0.0,19,1664,1251,0.0,0.0,0.0
Lang,6,1,5,3,0.1,1.0,0.18181818181818182,37,2215,1,0.1,1.0,0.18181818181818182,34,2218,1,0.1,1.0,0.18181818181818182,4,2248,62,0.0,0.0,0.0,1,2251,33,0.0,0.0,0.0,1,2251,33,0.0,0.0,0.0,1,2251,33,0.0,0.0,0.0,10,2242,32,0.0,0.0,0.0,10,2242,1,0.1,1.0,0.18181818181818182,10,2242,1,0.1,1.0,0.18181818181818182,10,2242,1,0.1,1.0,0.18181818181818182,15,2237,1,0.1,1.0,0.18181818181818182,5,2247,2,0.1,1.0,0.18181818181818182,20,2232,1,0.1,1.0,0.18181818181818182,15,2237,1,0.1,1.0,0.18181818181818182,15,2237,32,0.0,0.0,0.0,10,2242,32,0.0,0.0,0.0,5.666666666666667,2246.3333333333335,32,0.0,0.0,0.0,5.666666666666667,2246.3333333333335,32,0.0,0.0,0.0,5.666666666666667,2246.3333333333335,32,0.0,0.0,0.0,35,2217,1,0.1,1.0,0.18181818181818182,35,2217,1,0.1,1.0,0.18181818181818182,3,2245,1528,0.0,0.0,0.0
Lang,19,1,6,2,0.1,1.0,0.18181818181818182,96,5502,37,0.0,0.0,0.0,90,5508,37,0.0,0.0,0.0,33,5565,2,0.1,1.0,0.18181818181818182,24,5574,2,0.1,1.0,0.18181818181818182,9,5589,5,0.1,1.0,0.18181818181818182,3,5595,3,0.1,1.0,0.18181818181818182,30,5568,32,0.0,0.0,0.0,30,5568,4,0.1,1.0,0.18181818181818182,30,5568,4,0.1,1.0,0.18181818181818182,30,5568,4,0.1,1.0,0.18181818181818182,45,5553,3,0.1,1.0,0.18181818181818182,15,5583,2,0.1,1.0,0.18181818181818182,60,5538,3,0.1,1.0,0.18181818181818182,45,5553,3,0.1,1.0,0.18181818181818182,45,5553,31,0.0,0.0,0.0,30,5568,32,0.0,0.0,0.0,19.5,5578.5,37,0.0,0.0,0.0,19.5,5578.5,41,0.0,0.0,0.0,19.5,5578.5,40,0.0,0.0,0.0,87,5511,37,0.0,0.0,0.0,87,5511,2,0.1,1.0,0.18181818181818182,3,5591,1365,0.0,0.0,0.0
Lang,37,1,1,1,0.1,1.0,0.18181818181818182,3,1604,1193,0.0,0.0,0.0,,,,,,,6,1601,7,0.1,1.0,0.18181818181818182,3,1604,2,0.1,1.0,0.18181818181818182,3,1604,2,0.1,1.0,0.18181818181818182,1,1606,1,0.1,1.0,0.18181818181818182,3,1604,2,0.1,1.0,0.18181818181818182,3,1604,1,0.1,1.0,0.18181818181818182,3,1604,1,0.1,1.0,0.18181818181818182,3,1604,1,0.1,1.0,0.18181818181818182,3,1604,1,0.1,1.0,0.18181818181818182,3,1604,1,0.1,1.0,0.18181818181818182,3,1604,1,0.1,1.0,0.18181818181818182,3,1604,1,0.1,1.0,0.18181818181818182,3,1604,2,0.1,1.0,0.18181818181818182,3,1604,2,0.1,1.0,0.18181818181818182,1.0,1606.0,1,0.1,1.0,0.18181818181818182,1.0,1606.0,1,0.1,1.0,0.18181818181818182,1.0,1606.0,1,0.1,1.0,0.18181818181818182,3,1604,2,0.1,1.0,0.18181818181818182,3,1604,1,0.1,1.0,0.18181818181818182,3,1600,1193,0.0,0.0,0.0
Jsoup,82,1,10,not found,0.0,0.0,0.0,531,106,322,0.0,0.0,0.0,531,106,322,0.0,0.0,0.0,5,632,1151,0.0,0.0,0.0,5,632,1151,0.0,0.0,0.0,3,634,1151,0.0,0.0,0.0,5,632,1151,0.0,0.0,0.0,10,627,267,0.0,0.0,0.0,10,627,275,0.0,0.0,0.0,10,627,275,0.0,0.0,0.0,10,627,275,0.0,0.0,0.0,15,622,307,0.0,0.0,0.0,5,632,1156,0.0,0.0,0.0,20,617,354,0.0,0.0,0.0,15,622,307,0.0,0.0,0.0,15,622,299,0.0,0.0,0.0,10,627,306,0.0,0.0,0.0,118.0,519.0,567,0.0,0.0,0.0,118.0,519.0,579,0.0,0.0,0.0,143.33333333333334,493.6666666666667,569,0.0,0.0,0.0,,,,,,,0,637,322,0.0,0.0,0.0,,,,,,
Jsoup,84,1,36,4,0.1,1.0,0.18181818181818182,412,116,not found,0.0,0.0,0.0,411,117,not found,0.0,0.0,0.0,5,523,not found,0.0,0.0,0.0,4,524,not found,0.0,0.0,0.0,3,525,not found,0.0,0.0,0.0,358,170,not found,0.0,0.0,0.0,10,518,not found,0.0,0.0,0.0,10,518,not found,0.0,0.0,0.0,10,518,not found,0.0,0.0,0.0,10,518,not found,0.0,0.0,0.0,15,513,not found,0.0,0.0,0.0,5,523,not found,0.0,0.0,0.0,20,508,not found,0.0,0.0,0.0,15,513,72,0.0,0.0,0.0,15,513,not found,0.0,0.0,0.0,10,518,not found,0.0,0.0,0.0,358.0,170.0,not found,0.0,0.0,0.0,358.0,170.0,not found,0.0,0.0,0.0,121.33333333333333,406.6666666666667,not found,0.0,0.0,0.0,4,524,not found,0.0,0.0,0.0,4,524,not found,0.0,0.0,0.0,1,522,not found,0.0,0.0,0.0
Jsoup,27,1,5,not found,0.0,0.0,0.0,12,332,884,0.0,0.0,0.0,12,332,884,0.0,0.0,0.0,12,332,884,0.0,0.0,0.0,12,332,884,0.0,0.0,0.0,3,341,884,0.0,0.0,0.0,3,341,884,0.0,0.0,0.0,10,334,884,0.0,0.0,0.0,10,334,887,0.0,0.0,0.0,10,334,887,0.0,0.0,0.0,10,334,887,0.0,0.0,0.0,12,332,887,0.0,0.0,0.0,5,339,887,0.0,0.0,0.0,12,332,887,0.0,0.0,0.0,12,332,887,0.0,0.0,0.0,12,332,884,0.0,0.0,0.0,10,334,884,0.0,0.0,0.0,3.0,341.0,884,0.0,0.0,0.0,3.0,341.0,884,0.0,0.0,0.0,3.0,341.0,884,0.0,0.0,0.0,7,337,884,0.0,0.0,0.0,7,337,887,0.0,0.0,0.0,,,,,,
Jsoup,90,1,8,1,0.1,1.0,0.18181818181818182,26,645,not found,0.0,0.0,0.0,26,645,not found,0.0,0.0,0.0,26,645,not found,0.0,0.0,0.0,26,645,not found,0.0,0.0,0.0,,,,,,,,,,,,,,,,,,,,,,,,,,,,,,,,,,,,,,,,,,,,,,,,,,,,,,,0,671,1,0.1,1.0,0.18181818181818182,,,,,,,10,661,not found,0.0,0.0,0.0,,,,,,,,,,,,,23.0,648.0,not found,0.0,0.0,0.0,,,,,,,0,671,not found,0.0,0.0,0.0,,,,,,
Jsoup,34,1,9,1,0.1,1.0,0.18181818181818182,326,70,463,0.0,0.0,0.0,326,70,463,0.0,0.0,0.0,1,395,957,0.0,0.0,0.0,1,395,957,0.0,0.0,0.0,1,395,957,0.0,0.0,0.0,1,395,957,0.0,0.0,0.0,10,386,12,0.0,0.0,0.0,10,386,1,0.1,1.0,0.18181818181818182,10,386,1,0.1,1.0,0.18181818181818182,10,386,1,0.1,1.0,0.18181818181818182,15,381,1,0.1,1.0,0.18181818181818182,5,391,1,0.1,1.0,0.18181818181818182,20,376,1,0.1,1.0,0.18181818181818182,15,381,1,0.1,1.0,0.18181818181818182,15,381,15,0.0,0.0,0.0,10,386,3,0.1,1.0,0.18181818181818182,84.5,311.5,2,0.1,1.0,0.18181818181818182,84.5,311.5,3,0.1,1.0,0.18181818181818182,182.75,213.25,186,0.0,0.0,0.0,326,70,463,0.0,0.0,0.0,326,70,3,0.1,1.0,0.18181818181818182,,,,,,
Jsoup,80,1,9,4,0.1,1.0,0.18181818181818182,497,140,787,0.0,0.0,0.0,497,140,787,0.0,0.0,0.0,4,633,1151,0.0,0.0,0.0,4,633,1151,0.0,0.0,0.0,3,634,1151,0.0,0.0,0.0,3,634,1151,0.0,0.0,0.0,10,627,31,0.0,0.0,0.0,10,627,13,0.0,0.0,0.0,10,627,13,0.0,0.0,0.0,10,627,13,0.0,0.0,0.0,15,622,14,0.0,0.0,0.0,5,632,8,0.1,1.0,0.18181818181818182,20,617,11,0.0,0.0,0.0,15,622,14,0.0,0.0,0.0,15,622,60,0.0,0.0,0.0,10,627,31,0.0,0.0,0.0,9.666666666666666,627.3333333333334,217,0.0,0.0,0.0,9.666666666666666,627.3333333333334,174,0.0,0.0,0.0,149.28571428571428,487.7142857142857,387,0.0,0.0,0.0,501,136,790,0.0,0.0,0.0,501,136,299,0.0,0.0,0.0,,,,,,
Jsoup,54,1,5,1,0.1,1.0,0.18181818181818182,384,99,not found,0.0,0.0,0.0,384,99,not found,0.0,0.0,0.0,3,480,not found,0.0,0.0,0.0,3,480,not found,0.0,0.0,0.0,3,480,not found,0.0,0.0,0.0,2,481,not found,0.0,0.0,0.0,10,473,not found,0.0,0.0,0.0,10,473,not found,0.0,0.0,0.0,10,473,not found,0.0,0.0,0.0,10,473,not found,0.0,0.0,0.0,15,468,not found,0.0,0.0,0.0,5,478,not found,0.0,0.0,0.0,20,463,not found,0.0,0.0,0.0,15,468,1,0.1,1.0,0.18181818181818182,15,468,not found,0.0,0.0,0.0,10,473,not found,0.0,0.0,0.0,114.33333333333333,368.6666666666667,not found,0.0,0.0,0.0,114.33333333333333,368.6666666666667,not found,0.0,0.0,0.0,114.33333333333333,368.6666666666667,not found,0.0,0.0,0.0,384,99,not found,0.0,0.0,0.0,384,99,not found,0.0,0.0,0.0,,,,,,
Jsoup,78,2,19,6,0.0,0.0,0.0,547,81,332,0.0,0.0,0.0,547,81,332,0.0,0.0,0.0,4,624,66,0.0,0.0,0.0,4,624,66,0.0,0.0,0.0,3,625,8,0.1,0.5,0.16666666666666669,38,590,6,0.1,0.5,0.16666666666666669,10,618,7,0.1,0.5,0.16666666666666669,10,618,3,0.1,0.5,0.16666666666666669,10,618,3,0.1,0.5,0.16666666666666669,10,618,3,0.1,0.5,0.16666666666666669,15,613,3,0.1,0.5,0.16666666666666669,5,623,4,0.1,0.5,0.16666666666666669,20,608,3,0.1,0.5,0.16666666666666669,15,613,3,0.1,0.5,0.16666666666666669,15,613,6,0.1,0.5,0.16666666666666669,10,618,13,0.0,0.0,0.0,378.25,249.75,250,0.0,0.0,0.0,378.25,249.75,215,0.0,0.0,0.0,295.14285714285717,332.85714285714283,215,0.0,0.0,0.0,492,136,316,0.0,0.0,0.0,492,136,223,0.0,0.0,0.0,,,,,,
JxPath,5,1,11,1,0.1,1.0,0.18181818181818182,112,223,224,0.0,0.0,0.0,112,223,224,0.0,0.0,0.0,23,312,3,0.1,1.0,0.18181818181818182,23,312,3,0.1,1.0,0.18181818181818182,3,332,21,0.0,0.0,0.0,15,320,16,0.0,0.0,0.0,10,325,15,0.0,0.0,0.0,10,325,1,0.1,1.0,0.18181818181818182,10,325,1,0.1,1.0,0.18181818181818182,10,325,1,0.1,1.0,0.18181818181818182,15,320,1,0.1,1.0,0.18181818181818182,5,330,1,0.1,1.0,0.18181818181818182,20,315,1,0.1,1.0,0.18181818181818182,15,320,1,0.1,1.0,0.18181818181818182,15,320,16,0.0,0.0,0.0,10,325,27,0.0,0.0,0.0,19.5,315.5,11,0.0,0.0,0.0,19.5,315.5,6,0.1,1.0,0.18181818181818182,16.0,319.0,10,0.1,1.0,0.18181818181818182,49,286,3,0.1,1.0,0.18181818181818182,49,286,1,0.1,1.0,0.18181818181818182,,,,,,
Mockito,4,7,7,3,0.1,0.14285714285714285,0.11764705882352941,110,1256,14,0.0,0.0,0.0,92,1274,13,0.0,0.0,0.0,28,1338,8,0.1,0.14285714285714285,0.11764705882352941,7,1359,2,0.1,0.14285714285714285,0.11764705882352941,3,1363,80,0.0,0.0,0.0,1,1365,298,0.0,0.0,0.0,10,1356,2,0.1,0.14285714285714285,0.11764705882352941,10,1356,2,0.1,0.14285714285714285,0.11764705882352941,10,1356,2,0.1,0.14285714285714285,0.11764705882352941,10,1356,2,0.1,0.14285714285714285,0.11764705882352941,15,1351,2,0.1,0.14285714285714285,0.11764705882352941,5,1361,2,0.1,0.14285714285714285,0.11764705882352941,20,1346,1,0.1,0.14285714285714285,0.11764705882352941,15,1351,2,0.1,0.14285714285714285,0.11764705882352941,15,1351,2,0.1,0.14285714285714285,0.11764705882352941,10,1356,2,0.1,0.14285714285714285,0.11764705882352941,14.0,1352.0,2,0.1,0.14285714285714285,0.11764705882352941,14.0,1352.0,2,0.1,0.14285714285714285,0.11764705882352941,13.0,1353.0,2,0.1,0.14285714285714285,0.11764705882352941,93,1273,10,0.1,0.14285714285714285,0.11764705882352941,93,1273,5,0.1,0.14285714285714285,0.11764705882352941,21,1357,18,0.0,0.0,0.0
Mockito,5,1,10,not found,0.0,0.0,0.0,,,,,,,,,,,,,,,,,,,,,,,,,,,,,,,,,,,,,,,,,,,,,,,,,,,,,,,,,,,,,,,,,,,,,,,,,,,,,,,,,,,,,,,,,,,,,,,,,,,,,,,,,,,,,,,,,,,,,,,,,,,,,,,22,1353,1367,0.0,0.0,0.0
Csv,4,1,3,3,0.1,1.0,0.18181818181818182,,,,,,,,,,,,,2,184,1,0.1,1.0,0.18181818181818182,2,184,1,0.1,1.0,0.18181818181818182,2,184,1,0.1,1.0,0.18181818181818182,2,184,1,0.1,1.0,0.18181818181818182,2,184,1,0.1,1.0,0.18181818181818182,2,184,1,0.1,1.0,0.18181818181818182,2,184,1,0.1,1.0,0.18181818181818182,2,184,1,0.1,1.0,0.18181818181818182,2,184,1,0.1,1.0,0.18181818181818182,2,184,1,0.1,1.0,0.18181818181818182,2,184,1,0.1,1.0,0.18181818181818182,2,184,1,0.1,1.0,0.18181818181818182,2,184,1,0.1,1.0,0.18181818181818182,2,184,1,0.1,1.0,0.18181818181818182,2.0,184.0,1,0.1,1.0,0.18181818181818182,2.0,184.0,1,0.1,1.0,0.18181818181818182,2.0,184.0,1,0.1,1.0,0.18181818181818182,2,184,1,0.1,1.0,0.18181818181818182,2,184,1,0.1,1.0,0.18181818181818182,,,,,,
